sample,iso,elapsed_s,rss_bytes,peak_rss_bytes,handles,threads,cpu_ms,tcp_total,tcp_established,tcp_listen,tcp_close_wait,tcp_time_wait,tcp_other,leech_completed,leech_failed,churn_runs
0,2026-08-24T16:46:09.807Z,0,14798848,15130624,185,31,516,3,2,1,0,0,0,0,0,0
1,2026-08-24T16:46:40.415Z,31,15056896,15368192,186,28,1062,4,3,1,0,0,0,4,0,0
2,2026-08-24T16:47:11.038Z,62,15106048,15396864,189,29,1516,4,3,1,0,0,0,8,0,0
3,2026-08-24T16:47:41.587Z,92,15335424,15646720,204,34,2016,4,3,1,0,0,0,12,0,0
4,2026-08-24T16:48:12.191Z,123,15183872,15646720,190,29,2422,4,3,1,0,0,0,16,0,0
5,2026-08-24T16:48:42.598Z,153,15339520,15646720,187,28,2750,4,3,1,0,0,0,20,0,0
6,2026-08-24T16:49:13.011Z,184,15560704,15814656,193,30,3109,4,3,1,0,0,0,24,0,0
7,2026-08-24T16:49:43.359Z,214,15798272,16044032,202,33,3594,4,3,1,0,0,0,28,0,0
8,2026-08-24T16:50:13.629Z,244,15691776,16044032,193,30,4062,3,2,1,0,0,0,32,0,0
9,2026-08-24T16:50:43.905Z,275,15642624,16044032,196,31,4500,3,2,1,0,0,0,36,0,0
10,2026-08-24T16:51:14.203Z,305,16023552,16187392,187,31,4766,4,3,1,0,0,0,40,0,0
11,2026-08-24T16:51:44.486Z,335,15720448,16187392,187,31,5156,3,2,1,0,0,0,44,0,0
12,2026-08-24T16:52:14.814Z,365,15826944,16187392,190,32,5578,3,2,1,0,0,0,48,0,0
13,2026-08-24T16:52:45.103Z,396,15921152,16187392,187,31,6062,3,2,1,0,0,0,52,0,0
14,2026-08-24T16:53:15.408Z,426,16064512,16318464,198,31,6438,3,2,1,0,0,0,56,0,0
15,2026-08-24T16:53:45.747Z,456,15814656,16318464,189,28,6891,3,2,1,0,0,0,60,0,0
16,2026-08-24T16:54:16.045Z,487,16007168,16318464,195,30,7344,3,2,1,0,0,0,64,0,0
17,2026-08-24T16:54:46.370Z,517,15929344,16318464,189,28,7781,3,2,1,0,0,0,68,0,0
18,2026-08-24T16:55:16.682Z,547,16052224,16318464,189,28,8125,3,2,1,0,0,0,72,0,0
19,2026-08-24T16:55:47.002Z,578,16097280,16347136,198,31,8484,3,2,1,0,0,0,76,0,0
20,2026-08-24T16:56:17.297Z,608,16416768,16596992,195,32,8891,3,2,1,0,0,0,80,0,0
21,2026-08-24T16:56:47.584Z,638,15982592,16596992,189,30,9188,4,3,1,0,0,0,84,0,0
22,2026-08-24T16:57:17.920Z,669,16457728,16654336,198,33,9578,3,2,1,0,0,0,88,0,0
23,2026-08-24T16:57:48.209Z,699,16089088,16654336,195,30,9922,3,2,1,0,0,0,92,0,0
24,2026-08-24T16:58:18.631Z,729,16543744,16707584,210,35,10500,4,3,1,0,0,0,96,0,0
25,2026-08-24T16:58:49.020Z,760,16154624,16707584,192,29,10969,4,3,1,0,0,0,100,0,0
26,2026-08-24T16:59:19.441Z,790,16334848,16707584,195,30,11547,4,3,1,0,0,0,104,0,0
27,2026-08-24T16:59:49.814Z,820,16031744,16707584,192,29,12062,4,3,1,0,0,0,108,0,0
28,2026-08-24T17:00:20.207Z,851,16252928,16707584,193,29,12547,4,3,1,0,0,0,112,0,0
29,2026-08-24T17:00:50.589Z,881,16154624,16707584,192,29,13109,4,3,1,0,0,0,116,0,0
30,2026-08-24T17:01:20.931Z,912,16871424,17039360,219,38,13531,4,3,1,0,0,0,120,0,0
31,2026-08-24T17:01:51.266Z,942,16236544,17039360,201,32,14062,4,3,1,0,0,0,124,0,0
32,2026-08-24T17:02:21.656Z,972,16502784,17039360,198,31,14516,4,3,1,0,0,0,128,0,0
33,2026-08-24T17:02:51.934Z,1003,16175104,17039360,189,28,14922,3,2,1,0,0,0,132,0,0
34,2026-08-24T17:03:22.235Z,1033,16211968,17039360,189,28,15297,4,3,1,0,0,0,136,0,0
35,2026-08-24T17:03:52.552Z,1063,16314368,17039360,192,29,15750,3,2,1,0,0,0,140,0,0
36,2026-08-24T17:04:22.847Z,1093,16384000,17039360,195,30,16188,3,2,1,0,0,0,144,0,0
37,2026-08-24T17:04:53.124Z,1124,16424960,17039360,195,30,16672,3,2,1,0,0,0,148,0,0
38,2026-08-24T17:05:23.401Z,1154,16392192,17039360,189,28,16969,3,2,1,0,0,0,152,0,0
39,2026-08-24T17:05:53.708Z,1184,16351232,17039360,189,28,17359,3,2,1,0,0,0,156,0,0
40,2026-08-24T17:06:24.016Z,1215,16384000,17039360,189,28,17781,3,2,1,0,0,0,160,0,0
41,2026-08-24T17:06:54.279Z,1245,16408576,17039360,192,29,18312,3,2,1,0,0,0,164,0,0
42,2026-08-24T17:07:24.668Z,1275,16281600,17039360,189,28,18688,3,2,1,0,0,0,168,0,0
43,2026-08-24T17:07:54.940Z,1306,16240640,17039360,189,28,19109,3,2,1,0,0,0,172,0,0
44,2026-08-24T17:08:25.236Z,1336,16551936,17039360,201,32,19469,3,2,1,0,0,0,176,0,0
45,2026-08-24T17:08:55.522Z,1366,16523264,17039360,201,32,19875,3,2,1,0,0,0,180,0,0
46,2026-08-24T17:09:25.803Z,1396,16261120,17600512,189,28,20250,3,2,1,0,0,0,184,0,0
47,2026-08-24T17:09:56.072Z,1427,16416768,17600512,189,28,20625,3,2,1,0,0,0,188,0,0
48,2026-08-24T17:10:26.377Z,1457,16506880,17600512,192,29,20969,3,2,1,0,0,0,192,0,0
49,2026-08-24T17:10:56.677Z,1487,16576512,17600512,195,30,21359,3,2,1,0,0,0,196,0,0
50,2026-08-24T17:11:26.983Z,1518,16474112,17600512,192,29,21766,3,2,1,0,0,0,200,0,0
51,2026-08-24T17:11:57.314Z,1548,16605184,17600512,198,31,22094,3,2,1,0,0,0,204,0,0
52,2026-08-24T17:12:27.629Z,1578,16330752,17600512,189,28,22516,3,2,1,0,0,0,208,0,0
53,2026-08-24T17:12:57.916Z,1609,16547840,17600512,201,32,22859,3,2,1,0,0,0,212,0,0
54,2026-08-24T17:13:28.205Z,1639,16429056,17600512,192,29,23250,4,2,1,0,0,1,216,0,0
55,2026-08-24T17:13:58.513Z,1669,16474112,17600512,192,29,23641,3,2,1,0,0,0,220,0,0
56,2026-08-24T17:14:28.846Z,1699,16605184,17600512,198,31,24031,3,2,1,0,0,0,224,0,0
57,2026-08-24T17:14:59.174Z,1730,16437248,17600512,192,29,24344,4,3,1,0,0,0,228,0,0
58,2026-08-24T17:15:29.477Z,1760,16343040,17936384,189,28,24734,3,2,1,0,0,0,232,0,0
59,2026-08-24T17:15:59.791Z,1790,16531456,17936384,192,29,25062,4,3,1,0,0,0,236,0,0
60,2026-08-24T17:16:30.094Z,1821,16510976,18386944,189,28,25422,3,2,1,0,0,0,240,0,0
61,2026-08-24T17:17:00.460Z,1851,16519168,18386944,189,28,25859,4,3,1,0,0,0,244,0,0
62,2026-08-24T17:17:30.768Z,1881,16547840,18386944,189,28,26281,3,2,1,0,0,0,248,0,0
63,2026-08-24T17:18:01.050Z,1912,16502784,18386944,189,28,26797,3,2,1,0,0,0,252,0,0
64,2026-08-24T17:18:31.362Z,1942,16535552,18386944,192,29,27156,3,2,1,0,0,0,256,0,0
65,2026-08-24T17:19:01.648Z,1972,16494592,18386944,189,28,27531,3,2,1,0,0,0,260,0,0
66,2026-08-24T17:19:31.989Z,2003,16646144,18386944,196,30,27969,3,2,1,0,0,0,264,0,0
67,2026-08-24T17:20:02.301Z,2033,16715776,18477056,195,30,28375,3,2,1,0,0,0,268,0,0
68,2026-08-24T17:20:32.604Z,2063,16687104,18591744,195,30,28766,3,2,1,0,0,0,272,0,0
69,2026-08-24T17:21:02.925Z,2094,16867328,18841600,192,29,29047,3,2,1,0,0,0,276,0,0
70,2026-08-24T17:21:33.231Z,2124,16703488,18841600,192,29,29422,3,2,1,0,0,0,280,0,0
71,2026-08-24T17:22:03.612Z,2154,16617472,18866176,189,28,29812,3,2,1,0,0,0,284,0,0
72,2026-08-24T17:22:33.907Z,2185,16531456,18866176,189,28,30203,3,2,1,0,0,0,288,0,0
73,2026-08-24T17:23:04.179Z,2215,16535552,18866176,189,28,30562,3,2,1,0,0,0,292,0,0
74,2026-08-24T17:23:34.533Z,2245,16769024,18866176,189,28,31062,4,3,1,0,0,0,296,0,0
75,2026-08-24T17:24:04.814Z,2275,16338944,18866176,189,28,31438,3,2,1,0,0,0,300,0,0
76,2026-08-24T17:24:35.105Z,2306,17133568,18866176,198,31,31797,3,2,1,0,0,0,304,0,0
77,2026-08-24T17:25:05.387Z,2336,16609280,18866176,201,32,32109,3,2,1,0,0,0,308,0,0
78,2026-08-24T17:25:35.676Z,2366,16560128,19025920,192,29,32562,3,2,1,0,0,0,312,0,0
79,2026-08-24T17:26:05.960Z,2397,17059840,19025920,195,30,32953,3,2,1,0,0,0,316,0,0
80,2026-08-24T17:26:36.380Z,2427,16519168,19099648,186,27,33359,3,2,1,0,0,0,320,0,0
81,2026-08-24T17:27:06.692Z,2457,16678912,19099648,192,29,33766,3,2,1,0,0,0,324,0,0
82,2026-08-24T17:27:36.986Z,2488,16764928,19099648,195,30,34125,3,2,1,0,0,0,328,0,0
83,2026-08-24T17:28:07.305Z,2518,16719872,19099648,192,29,34516,3,2,1,0,0,0,332,0,0
84,2026-08-24T17:28:37.623Z,2548,16842752,19099648,192,29,34938,3,2,1,0,0,0,336,0,0
85,2026-08-24T17:29:07.904Z,2579,16900096,19099648,192,29,35281,3,2,1,0,0,0,340,0,0
86,2026-08-24T17:29:38.195Z,2609,17014784,19144704,189,28,35656,3,2,1,0,0,0,344,0,0
87,2026-08-24T17:30:08.511Z,2639,16891904,19353600,192,29,36000,3,2,1,0,0,0,348,0,0
88,2026-08-24T17:30:38.841Z,2669,16719872,19558400,192,29,36344,4,3,1,0,0,0,352,0,0
89,2026-08-24T17:31:09.186Z,2700,16752640,19558400,189,28,36812,3,2,1,0,0,0,356,0,0
90,2026-08-24T17:31:39.473Z,2730,16842752,19558400,189,28,37203,3,2,1,0,0,0,360,0,0
91,2026-08-24T17:32:09.740Z,2760,16347136,19558400,192,29,37438,3,2,1,0,0,0,364,0,0
92,2026-08-24T17:32:40.098Z,2791,17174528,19558400,192,29,37828,5,4,1,0,0,0,368,0,0
93,2026-08-24T17:33:10.408Z,2821,17219584,19558400,192,29,38281,3,2,1,0,0,0,372,0,0
94,2026-08-24T17:33:40.726Z,2851,16814080,19558400,192,29,38672,3,2,1,0,0,0,376,0,0
95,2026-08-24T17:34:11.063Z,2882,16867328,19558400,189,28,39109,4,2,1,0,0,1,380,0,0
96,2026-08-24T17:34:41.383Z,2912,17256448,19558400,189,28,39469,3,2,1,0,0,0,384,0,0
97,2026-08-24T17:35:11.668Z,2942,17158144,19558400,192,29,39859,3,2,1,0,0,0,388,0,0
98,2026-08-24T17:35:41.949Z,2973,17227776,19558400,192,29,40328,3,2,1,0,0,0,392,0,0
99,2026-08-24T17:36:12.256Z,3003,17018880,19558400,192,29,40703,3,2,1,0,0,0,396,0,0
100,2026-08-24T17:36:42.536Z,3033,16916480,19558400,189,28,41109,3,2,1,0,0,0,400,0,0
101,2026-08-24T17:37:12.860Z,3063,16871424,19558400,189,28,41516,3,2,1,0,0,0,404,0,0
102,2026-08-24T17:37:43.149Z,3094,17313792,19558400,189,28,41891,3,2,1,0,0,0,408,0,0
103,2026-08-24T17:38:13.479Z,3124,17375232,19558400,192,29,42266,4,3,1,0,0,0,412,0,0
104,2026-08-24T17:38:43.777Z,3154,17375232,19558400,192,29,42609,4,3,1,0,0,0,416,0,0
105,2026-08-24T17:39:14.069Z,3185,17121280,19558400,189,28,42953,3,2,1,0,0,0,420,0,0
106,2026-08-24T17:39:44.361Z,3215,17256448,19558400,192,29,43406,3,2,1,0,0,0,424,0,0
107,2026-08-24T17:40:14.671Z,3245,16797696,19701760,189,28,43750,3,2,1,0,0,0,428,0,0
108,2026-08-24T17:40:44.941Z,3276,17047552,19701760,189,28,44109,3,2,1,0,0,0,432,0,0
109,2026-08-24T17:41:15.220Z,3306,17543168,19898368,189,28,44516,3,2,1,0,0,0,436,0,0
110,2026-08-24T17:41:45.494Z,3336,17563648,19898368,204,33,44812,3,2,1,0,0,0,440,0,0
111,2026-08-24T17:42:15.907Z,3367,17559552,19898368,198,31,45328,3,2,1,0,0,0,444,0,0
112,2026-08-24T17:42:46.196Z,3397,17301504,19898368,198,31,45828,3,2,1,0,0,0,448,0,0
113,2026-08-24T17:43:16.477Z,3427,17453056,19898368,195,30,46156,3,2,1,0,0,0,452,0,0
114,2026-08-24T17:43:46.786Z,3457,17285120,20094976,192,29,46578,3,2,1,0,0,0,456,0,0
115,2026-08-24T17:44:17.104Z,3488,17657856,20094976,201,32,47000,3,2,1,0,0,0,460,0,0
116,2026-08-24T17:44:47.452Z,3518,17502208,20094976,201,32,47391,3,2,1,0,0,0,464,0,0
117,2026-08-24T17:45:17.759Z,3548,17158144,20094976,198,31,47750,3,2,1,0,0,0,468,0,0
118,2026-08-24T17:45:48.108Z,3579,16936960,20094976,189,28,48172,3,2,1,0,0,0,472,0,0
119,2026-08-24T17:46:18.419Z,3609,17391616,20094976,189,28,48516,4,3,1,0,0,0,476,0,0
120,2026-08-24T17:46:48.738Z,3639,17145856,20094976,192,29,48953,3,2,1,0,0,0,480,0,0
121,2026-08-24T17:47:19.042Z,3670,16834560,20094976,192,29,49359,3,2,1,0,0,0,484,0,0
122,2026-08-24T17:47:49.339Z,3700,17584128,20213760,195,30,49750,3,2,1,0,0,0,488,0,0
123,2026-08-24T17:48:19.640Z,3730,17182720,20213760,189,28,50125,3,2,1,0,0,0,492,0,0
124,2026-08-24T17:48:49.930Z,3761,20754432,20754432,195,30,50453,3,2,1,0,0,0,496,0,0
125,2026-08-24T17:49:20.312Z,3791,17514496,20766720,189,28,50766,3,2,1,0,0,0,500,0,0
126,2026-08-24T17:49:50.697Z,3821,17580032,20766720,192,29,51281,5,4,1,0,0,0,504,0,0
127,2026-08-24T17:50:21.006Z,3852,17383424,20766720,192,29,51797,3,2,1,0,0,0,508,0,0
128,2026-08-24T17:50:51.350Z,3882,17354752,20766720,195,30,52156,3,2,1,0,0,0,512,0,0
129,2026-08-24T17:51:21.632Z,3912,17326080,20766720,192,29,52469,3,2,1,0,0,0,516,0,0
130,2026-08-24T17:51:52.092Z,3943,20922368,20922368,189,28,52906,3,2,1,0,0,0,520,0,0
131,2026-08-24T17:52:22.396Z,3973,17637376,20922368,195,30,53266,3,2,1,0,0,0,524,0,0
132,2026-08-24T17:52:52.693Z,4003,17657856,20979712,189,28,53641,3,2,1,0,0,0,528,0,0
133,2026-08-24T17:53:22.983Z,4034,17690624,20979712,201,32,54031,3,2,1,0,0,0,532,0,0
134,2026-08-24T17:53:53.270Z,4064,17461248,20979712,192,29,54516,3,2,1,0,0,0,536,0,0
135,2026-08-24T17:54:23.604Z,4094,17469440,20979712,189,28,54938,3,2,1,0,0,0,540,0,0
136,2026-08-24T17:54:53.894Z,4124,21090304,21090304,195,30,55297,3,2,1,0,0,0,544,0,0
137,2026-08-24T17:55:24.202Z,4155,17604608,21098496,192,29,55875,3,2,1,0,0,0,548,0,0
138,2026-08-24T17:55:54.650Z,4185,17747968,21098496,195,30,56281,3,2,1,0,0,0,552,0,0
139,2026-08-24T17:56:24.960Z,4216,21032960,21098496,192,29,56750,3,2,1,0,0,0,556,0,0
140,2026-08-24T17:56:55.247Z,4246,17510400,21336064,189,28,57125,3,2,1,0,0,0,560,0,0
141,2026-08-24T17:57:25.538Z,4276,17506304,21336064,189,28,57500,3,2,1,0,0,0,564,0,0
142,2026-08-24T17:57:55.863Z,4306,21827584,21827584,192,29,57938,3,2,1,0,0,0,568,0,0
143,2026-08-24T17:58:26.164Z,4337,17379328,21835776,192,29,58266,3,2,1,0,0,0,572,0,0
144,2026-08-24T17:58:56.481Z,4367,17424384,21835776,192,29,58719,3,2,1,0,0,0,576,0,0
145,2026-08-24T17:59:26.782Z,4397,17473536,21835776,195,30,59109,3,2,1,0,0,0,580,0,0
146,2026-08-24T17:59:57.063Z,4428,21544960,21835776,195,30,59438,3,2,1,0,0,0,584,0,0
147,2026-08-24T18:00:27.391Z,4458,21872640,21872640,192,29,59703,3,2,1,0,0,0,588,0,0
148,2026-08-24T18:00:57.693Z,4488,17518592,21880832,192,29,60062,3,2,1,0,0,0,592,0,0
149,2026-08-24T18:01:28.024Z,4519,21499904,21880832,195,30,60406,4,3,1,0,0,0,596,0,0
150,2026-08-24T18:01:58.362Z,4549,17403904,21880832,189,28,60797,4,3,1,0,0,0,600,0,0
151,2026-08-24T18:02:28.645Z,4579,21336064,21880832,189,28,61203,3,2,1,0,0,0,604,0,0
152,2026-08-24T18:02:58.945Z,4610,17514496,21880832,195,30,61609,4,3,1,0,0,0,608,0,0
153,2026-08-24T18:03:29.239Z,4640,17309696,21880832,192,29,61969,3,2,1,0,0,0,612,0,0
154,2026-08-24T18:03:59.574Z,4670,21508096,21880832,189,28,62359,3,2,1,0,0,0,616,0,0
155,2026-08-24T18:04:29.924Z,4701,17530880,21880832,201,32,62734,3,2,1,0,0,0,620,0,0
156,2026-08-24T18:05:00.225Z,4731,21524480,21880832,192,29,63203,3,2,1,0,0,0,624,0,0
157,2026-08-24T18:05:30.538Z,4761,17612800,22020096,195,30,63562,3,2,1,0,0,0,628,0,0
158,2026-08-24T18:06:00.867Z,4791,21852160,22020096,198,31,63953,3,2,1,0,0,0,632,0,0
159,2026-08-24T18:06:31.200Z,4822,22175744,22315008,195,30,64359,3,2,1,0,0,0,636,0,0
160,2026-08-24T18:07:01.491Z,4852,22450176,22450176,198,31,64719,3,2,1,0,0,0,640,0,0
161,2026-08-24T18:07:31.813Z,4882,17846272,22626304,198,31,65125,4,3,1,0,0,0,644,0,0
162,2026-08-24T18:08:02.137Z,4913,22163456,22626304,198,31,65422,4,3,1,0,0,0,648,0,0
163,2026-08-24T18:08:32.452Z,4943,22417408,22626304,195,30,65875,3,2,1,0,0,0,652,0,0
164,2026-08-24T18:09:02.767Z,4973,23064576,23064576,225,40,66234,3,2,1,0,0,0,656,0,0
165,2026-08-24T18:09:33.087Z,5004,22421504,23162880,189,28,66547,3,2,1,0,0,0,660,0,0
166,2026-08-24T18:10:03.415Z,5034,17928192,23162880,192,29,66891,3,2,1,0,0,0,664,0,0
167,2026-08-24T18:10:33.718Z,5064,22360064,23162880,192,29,67188,3,2,1,0,0,0,668,0,0
168,2026-08-24T18:11:04.050Z,5095,22388736,23162880,189,28,67578,3,2,1,0,0,0,672,0,0
169,2026-08-24T18:11:34.455Z,5125,22556672,23162880,195,30,68047,4,2,1,0,0,1,676,0,0
170,2026-08-24T18:12:04.765Z,5155,22392832,23162880,189,28,68375,3,2,1,0,0,0,680,0,0
171,2026-08-24T18:12:35.064Z,5186,17920000,23162880,192,29,68703,3,2,1,0,0,0,684,0,0
172,2026-08-24T18:13:05.375Z,5216,22253568,23162880,189,28,68984,3,2,1,0,0,0,688,0,0
173,2026-08-24T18:13:35.698Z,5246,22462464,23162880,192,29,69500,3,2,1,0,0,0,692,0,0
174,2026-08-24T18:14:06.027Z,5277,21344256,23162880,189,28,69812,3,2,1,0,0,0,696,0,0
175,2026-08-24T18:14:36.364Z,5307,22589440,23162880,192,29,70266,3,2,1,0,0,0,700,0,0
176,2026-08-24T18:15:06.662Z,5337,22683648,23162880,195,30,70578,3,2,1,0,0,0,704,0,0
177,2026-08-24T18:15:36.998Z,5368,22855680,23162880,198,31,71062,3,2,1,0,0,0,708,0,0
178,2026-08-24T18:16:07.346Z,5398,17879040,23339008,189,28,71469,3,2,1,0,0,0,712,0,0
179,2026-08-24T18:16:37.700Z,5428,22781952,23339008,195,30,71875,3,2,1,0,0,0,716,0,0
180,2026-08-24T18:17:08.019Z,5459,22953984,23339008,189,28,72203,3,2,1,0,0,0,720,0,0
181,2026-08-24T18:17:38.361Z,5489,17707008,23339008,189,28,72578,3,2,1,0,0,0,724,0,0
182,2026-08-24T18:18:08.658Z,5519,22716416,23339008,195,30,72906,3,2,1,0,0,0,728,0,0
183,2026-08-24T18:18:38.968Z,5550,17784832,23339008,192,29,73328,3,2,1,0,0,0,732,0,0
184,2026-08-24T18:19:09.276Z,5580,22638592,23339008,189,28,73719,3,2,1,0,0,0,736,0,0
185,2026-08-24T18:19:39.607Z,5610,23117824,23339008,189,28,74047,3,2,1,0,0,0,740,0,0
186,2026-08-24T18:20:09.915Z,5640,18575360,23339008,219,38,74422,3,2,1,0,0,0,744,0,0
187,2026-08-24T18:20:40.320Z,5671,17489920,23339008,189,28,74859,5,4,1,0,0,0,748,0,0
188,2026-08-24T18:21:10.690Z,5701,22405120,23339008,189,28,75219,3,2,1,0,0,0,752,0,0
189,2026-08-24T18:21:41.016Z,5732,23105536,23339008,198,31,75578,3,2,1,0,0,0,756,0,0
190,2026-08-24T18:22:11.317Z,5762,17334272,23339008,192,29,75938,3,2,1,0,0,0,760,0,0
191,2026-08-24T18:22:41.623Z,5792,23183360,23339008,192,29,76266,3,2,1,0,0,0,764,0,0
192,2026-08-24T18:23:11.935Z,5823,23298048,23339008,189,28,76703,3,2,1,0,0,0,768,0,0
193,2026-08-24T18:23:42.225Z,5853,23314432,23339008,192,29,77094,3,2,1,0,0,0,772,0,0
194,2026-08-24T18:24:12.550Z,5883,23416832,23416832,192,29,77453,3,2,1,0,0,0,776,0,0
195,2026-08-24T18:24:42.860Z,5913,18292736,23425024,192,29,77844,3,2,1,0,0,0,780,0,0
196,2026-08-24T18:25:13.272Z,5944,18145280,23425024,192,29,78281,3,2,1,0,0,0,784,0,0
197,2026-08-24T18:25:43.586Z,5974,23711744,23711744,195,30,78750,4,3,1,0,0,0,788,0,0
198,2026-08-24T18:26:13.891Z,6004,23793664,23793664,189,28,79188,3,2,1,0,0,0,792,0,0
199,2026-08-24T18:26:44.210Z,6035,23982080,23982080,195,30,79594,3,2,1,0,0,0,796,0,0
200,2026-08-24T18:27:14.514Z,6065,18448384,23990272,189,28,79969,3,2,1,0,0,0,800,0,0
201,2026-08-24T18:27:44.856Z,6095,24096768,24096768,195,30,80422,3,2,1,0,0,0,804,0,0
202,2026-08-24T18:28:15.164Z,6126,18247680,24104960,192,29,80906,3,2,1,0,0,0,808,0,0
203,2026-08-24T18:28:45.483Z,6156,23605248,24104960,192,29,81328,3,2,1,0,0,0,812,0,0
204,2026-08-24T18:29:15.771Z,6186,23932928,24104960,192,29,81672,4,3,1,0,0,0,816,0,0
205,2026-08-24T18:29:46.109Z,6217,24723456,24723456,228,41,82078,3,2,1,0,0,0,820,0,0
206,2026-08-24T18:30:16.399Z,6247,24207360,24723456,192,29,82406,3,2,1,0,0,0,824,0,0
207,2026-08-24T18:30:46.687Z,6277,24199168,24723456,195,30,82750,3,2,1,0,0,0,828,0,0
208,2026-08-24T18:31:17.008Z,6308,24137728,24723456,192,29,83172,3,2,1,0,0,0,832,0,0
209,2026-08-24T18:31:47.354Z,6338,24076288,24723456,189,28,83641,3,2,1,0,0,0,836,0,0
210,2026-08-24T18:32:17.716Z,6368,24092672,24723456,189,28,84078,3,2,1,0,0,0,840,0,0
211,2026-08-24T18:32:48.026Z,6399,24313856,24723456,198,31,84438,3,2,1,0,0,0,844,0,0
212,2026-08-24T18:33:18.344Z,6429,18309120,24723456,192,29,84844,3,2,1,0,0,0,848,0,0
213,2026-08-24T18:33:48.695Z,6459,23789568,24723456,195,30,85328,3,2,1,0,0,0,852,0,0
214,2026-08-24T18:34:19.030Z,6490,23953408,24723456,195,30,85812,3,2,1,0,0,0,856,0,0
215,2026-08-24T18:34:49.370Z,6520,24035328,24723456,192,29,86203,3,2,1,0,0,0,860,0,0
216,2026-08-24T18:35:19.805Z,6550,18509824,24723456,201,32,86562,3,2,1,0,0,0,864,0,0
217,2026-08-24T18:35:50.138Z,6581,24252416,24723456,192,29,87016,3,2,1,0,0,0,868,0,0
218,2026-08-24T18:36:20.482Z,6611,24313856,24723456,189,28,87438,3,2,1,0,0,0,872,0,0
219,2026-08-24T18:36:50.797Z,6641,23617536,24723456,189,28,87844,3,2,1,0,0,0,876,0,0
220,2026-08-24T18:37:21.099Z,6672,23584768,24723456,189,28,88250,3,2,1,0,0,0,880,0,0
221,2026-08-24T18:37:51.443Z,6702,24666112,24723456,189,28,88734,3,2,1,0,0,0,884,0,0
222,2026-08-24T18:38:21.761Z,6732,23785472,24723456,189,28,89047,3,2,1,0,0,0,888,0,0
223,2026-08-24T18:38:52.102Z,6763,24629248,24723456,189,28,89469,3,2,1,0,0,0,892,0,0
224,2026-08-24T18:39:22.441Z,6793,23859200,24723456,195,30,89906,3,2,1,0,0,0,896,0,0
225,2026-08-24T18:39:52.732Z,6823,23461888,24723456,189,28,90281,3,2,1,0,0,0,900,0,0
226,2026-08-24T18:40:23.066Z,6854,23498752,24723456,189,28,90641,3,2,1,0,0,0,904,0,0
227,2026-08-24T18:40:53.420Z,6884,18534400,24723456,189,28,90953,4,3,1,0,0,0,908,0,0
228,2026-08-24T18:41:23.772Z,6914,23805952,24723456,195,30,91312,3,2,1,0,0,0,912,0,0
229,2026-08-24T18:41:54.114Z,6945,25100288,25100288,210,35,91672,3,2,1,0,0,0,916,0,0
230,2026-08-24T18:42:24.471Z,6975,18579456,25116672,189,28,92141,3,2,1,0,0,0,920,0,0
231,2026-08-24T18:42:54.794Z,7005,24080384,25116672,189,28,92547,3,2,1,0,0,0,924,0,0
232,2026-08-24T18:43:25.143Z,7036,24965120,25116672,195,30,92922,3,2,1,0,0,0,928,0,0
233,2026-08-24T18:43:55.467Z,7066,25186304,25186304,201,32,93453,3,2,1,0,0,0,932,0,0
234,2026-08-24T18:44:25.790Z,7096,24064000,25202688,189,28,93906,3,2,1,0,0,0,936,0,0
235,2026-08-24T18:44:56.096Z,7127,24944640,25202688,189,28,94266,4,3,1,0,0,0,940,0,0
236,2026-08-24T18:45:26.431Z,7157,24502272,25202688,198,31,94656,3,2,1,0,0,0,944,0,0
237,2026-08-24T18:45:56.788Z,7187,24526848,25202688,192,29,95078,3,2,1,0,0,0,948,0,0
238,2026-08-24T18:46:27.078Z,7218,18468864,25202688,195,30,95469,3,2,1,0,0,0,952,0,0
239,2026-08-24T18:46:57.393Z,7248,25235456,25235456,201,32,95859,3,2,1,0,0,0,956,0,0
240,2026-08-24T18:47:27.729Z,7278,24141824,25251840,192,29,96156,3,2,1,0,0,0,960,0,0
241,2026-08-24T18:47:58.079Z,7309,25251840,25251840,189,28,96562,3,2,1,0,0,0,964,0,0
242,2026-08-24T18:48:28.397Z,7339,24453120,25268224,192,29,96969,3,2,1,0,0,0,968,0,0
243,2026-08-24T18:48:58.710Z,7369,24383488,25268224,189,28,97266,3,2,1,0,0,0,972,0,0
244,2026-08-24T18:49:29.072Z,7400,25145344,25268224,189,28,97656,4,3,1,0,0,0,976,0,0
245,2026-08-24T18:49:59.383Z,7430,24403968,25268224,192,29,98000,3,2,1,0,0,0,980,0,0
246,2026-08-24T18:50:29.782Z,7460,24551424,25268224,198,31,98328,3,2,1,0,0,0,984,0,0
247,2026-08-24T18:51:00.144Z,7491,24522752,25309184,195,30,98828,3,2,1,0,0,0,988,0,0
248,2026-08-24T18:51:30.559Z,7521,18853888,25309184,189,28,99266,3,2,1,0,0,0,992,0,0
249,2026-08-24T18:52:00.921Z,7551,25415680,25415680,192,29,99719,3,2,1,0,0,0,996,0,0
250,2026-08-24T18:52:31.252Z,7582,19079168,25808896,204,33,100172,3,2,1,0,0,0,1000,0,0
251,2026-08-24T18:53:01.565Z,7612,25317376,25808896,204,33,100562,3,2,1,0,0,0,1004,0,0
252,2026-08-24T18:53:31.865Z,7642,25202688,25808896,189,28,100922,3,2,1,0,0,0,1008,0,0
253,2026-08-24T18:54:02.198Z,7673,25423872,25808896,198,31,101344,3,2,1,0,0,0,1012,0,0
254,2026-08-24T18:54:32.494Z,7703,18624512,26058752,189,28,101859,3,2,1,0,0,0,1016,0,0
255,2026-08-24T18:55:02.834Z,7733,25509888,26058752,192,29,102250,3,2,1,0,0,0,1020,0,0
256,2026-08-24T18:55:33.207Z,7764,24891392,26058752,192,29,102672,3,2,1,0,0,0,1024,0,0
257,2026-08-24T18:56:03.517Z,7794,24711168,26058752,189,28,103062,3,2,1,0,0,0,1028,0,0
258,2026-08-24T18:56:33.838Z,7824,24825856,26058752,192,29,103438,3,2,1,0,0,0,1032,0,0
259,2026-08-24T18:57:04.150Z,7855,25681920,26058752,198,31,103828,3,2,1,0,0,0,1036,0,0
260,2026-08-24T18:57:34.459Z,7885,25505792,26058752,189,28,104219,3,2,1,0,0,0,1040,0,0
261,2026-08-24T18:58:04.828Z,7915,25690112,26058752,198,31,104609,4,3,1,0,0,0,1044,0,0
262,2026-08-24T18:58:35.171Z,7946,25632768,26058752,195,30,105031,3,2,1,0,0,0,1048,0,0
263,2026-08-24T18:59:05.500Z,7976,25579520,26058752,189,28,105344,3,2,1,0,0,0,1052,0,0
264,2026-08-24T18:59:35.797Z,8006,25784320,26058752,195,30,105688,3,2,1,0,0,0,1056,0,0
265,2026-08-24T19:00:06.101Z,8037,24469504,26058752,189,28,106062,3,2,1,0,0,0,1060,0,0
266,2026-08-24T19:00:36.421Z,8067,24432640,26058752,189,28,106484,3,2,1,0,0,0,1064,0,0
267,2026-08-24T19:01:06.720Z,8097,24768512,26058752,207,34,106938,3,2,1,0,0,0,1068,0,0
268,2026-08-24T19:01:37.009Z,8128,24420352,26058752,189,28,107312,3,2,1,0,0,0,1072,0,0
269,2026-08-24T19:02:07.308Z,8158,24662016,26058752,198,31,107766,3,2,1,0,0,0,1076,0,0
270,2026-08-24T19:02:37.628Z,8188,18747392,26058752,192,29,108141,3,2,1,0,0,0,1080,0,0
271,2026-08-24T19:03:07.974Z,8219,24371200,26058752,201,32,108469,3,2,1,0,0,0,1084,0,0
272,2026-08-24T19:03:38.309Z,8249,24285184,26058752,189,28,108812,4,3,1,0,0,0,1088,0,0
273,2026-08-24T19:04:08.660Z,8279,25444352,26058752,195,30,109141,4,3,1,0,0,0,1092,0,0
274,2026-08-24T19:04:38.971Z,8310,24649728,26058752,189,28,109484,3,2,1,0,0,0,1096,0,0
275,2026-08-24T19:05:09.320Z,8340,25395200,26058752,198,31,109828,4,3,1,0,0,0,1100,0,0
276,2026-08-24T19:05:39.650Z,8370,25624576,26058752,192,29,110203,4,3,1,0,0,0,1104,0,0
277,2026-08-24T19:06:10.002Z,8401,25833472,26058752,192,29,110484,3,2,1,0,0,0,1108,0,0
278,2026-08-24T19:06:40.379Z,8431,25829376,26058752,189,28,110922,3,2,1,0,0,0,1112,0,0
279,2026-08-24T19:07:10.701Z,8461,26058752,26095616,201,32,111328,3,2,1,0,0,0,1116,0,0
280,2026-08-24T19:07:41.076Z,8492,25337856,26095616,192,29,111672,3,2,1,0,0,0,1120,0,0
281,2026-08-24T19:08:11.441Z,8522,18849792,26095616,199,32,112125,3,2,1,0,0,0,1124,0,0
282,2026-08-24T19:08:41.792Z,8552,24903680,26095616,190,29,112562,3,2,1,0,0,0,1128,0,0
283,2026-08-24T19:09:12.148Z,8583,25612288,26095616,190,29,112922,3,2,1,0,0,0,1132,0,0
284,2026-08-24T19:09:42.486Z,8613,26075136,26095616,204,33,113281,3,2,1,0,0,0,1136,0,0
285,2026-08-24T19:10:12.914Z,8643,25968640,26095616,198,31,113594,3,2,1,0,0,0,1140,0,0
286,2026-08-24T19:10:43.224Z,8674,25731072,26095616,189,28,114047,3,2,1,0,0,0,1144,0,0
287,2026-08-24T19:11:13.561Z,8704,26206208,26206208,210,35,114438,3,2,1,0,0,0,1148,0,0
288,2026-08-24T19:11:43.904Z,8734,25817088,26210304,189,28,114812,3,2,1,0,0,0,1152,0,0
289,2026-08-24T19:12:14.216Z,8765,25751552,26210304,189,28,115266,3,2,1,0,0,0,1156,0,0
290,2026-08-24T19:12:44.552Z,8795,25878528,26210304,189,28,115609,3,2,1,0,0,0,1160,0,0
291,2026-08-24T19:13:14.849Z,8825,24875008,26210304,189,28,116047,3,2,1,0,0,0,1164,0,0
292,2026-08-24T19:13:45.168Z,8856,24915968,26210304,195,30,116438,3,2,1,0,0,0,1168,0,0
293,2026-08-24T19:14:15.490Z,8886,25513984,26210304,201,32,116969,4,3,1,0,0,0,1172,0,0
294,2026-08-24T19:14:45.891Z,8916,25874432,26210304,195,30,117297,3,2,1,0,0,0,1176,0,0
295,2026-08-24T19:15:16.211Z,8947,24805376,26210304,192,29,117750,3,2,1,0,0,0,1180,0,0
296,2026-08-24T19:15:46.511Z,8977,25346048,26210304,192,29,118078,3,2,1,0,0,0,1184,0,0
297,2026-08-24T19:16:16.823Z,9007,18972672,26210304,201,32,118609,3,2,1,0,0,0,1188,0,0
298,2026-08-24T19:16:47.172Z,9038,24973312,26210304,189,28,118969,3,2,1,0,0,0,1192,0,0
299,2026-08-24T19:17:17.487Z,9068,25743360,26210304,204,33,119438,3,2,1,0,0,0,1196,0,0
300,2026-08-24T19:17:47.850Z,9098,24924160,26210304,189,28,119797,3,2,1,0,0,0,1200,0,0
301,2026-08-24T19:18:18.188Z,9129,18784256,26210304,198,31,120078,3,2,1,0,0,0,1204,0,0
302,2026-08-24T19:18:48.510Z,9159,24686592,26210304,192,29,120453,3,2,1,0,0,0,1208,0,0
303,2026-08-24T19:19:18.835Z,9189,24776704,26210304,189,28,120875,3,2,1,0,0,0,1212,0,0
304,2026-08-24T19:19:49.146Z,9220,24715264,26210304,186,27,121266,3,2,1,0,0,0,1216,0,0
305,2026-08-24T19:20:19.643Z,9250,24821760,26210304,189,28,121609,3,2,1,0,0,0,1220,0,0
306,2026-08-24T19:20:50.027Z,9281,24895488,26210304,195,30,121953,3,2,1,0,0,0,1224,0,0
307,2026-08-24T19:21:20.364Z,9311,24817664,26210304,192,29,122422,3,2,1,0,0,0,1228,0,0
308,2026-08-24T19:21:50.668Z,9341,24829952,26210304,189,28,122828,3,2,1,0,0,0,1232,0,0
309,2026-08-24T19:22:21.021Z,9372,25661440,26210304,192,29,123266,3,2,1,0,0,0,1236,0,0
310,2026-08-24T19:22:51.342Z,9402,26226688,26226688,201,32,123688,3,2,1,0,0,0,1240,0,0
311,2026-08-24T19:23:21.701Z,9432,25047040,26234880,204,33,123984,3,2,1,0,0,0,1244,0,0
312,2026-08-24T19:23:52.057Z,9463,24784896,26234880,192,29,124438,3,2,1,0,0,0,1248,0,0
313,2026-08-24T19:24:22.365Z,9493,24756224,26234880,189,28,124844,3,2,1,0,0,0,1252,0,0
314,2026-08-24T19:24:52.702Z,9523,24760320,26234880,192,29,125234,3,2,1,0,0,0,1256,0,0
315,2026-08-24T19:25:23.048Z,9554,24993792,26234880,201,32,125703,3,2,1,0,0,0,1260,0,0
316,2026-08-24T19:25:53.373Z,9584,25137152,26234880,198,31,126078,3,2,1,0,0,0,1264,0,0
317,2026-08-24T19:26:23.674Z,9614,25853952,26234880,195,30,126375,3,2,1,0,0,0,1268,0,0
318,2026-08-24T19:26:53.990Z,9645,25116672,26234880,189,28,126797,3,2,1,0,0,0,1272,0,0
319,2026-08-24T19:27:24.304Z,9675,25890816,26234880,189,28,127156,3,2,1,0,0,0,1276,0,0
320,2026-08-24T19:27:54.599Z,9705,25006080,26234880,189,28,127578,3,2,1,0,0,0,1280,0,0
321,2026-08-24T19:28:24.927Z,9735,25870336,26234880,198,31,128047,3,2,1,0,0,0,1284,0,0
322,2026-08-24T19:28:55.238Z,9766,19554304,26234880,198,31,128438,3,2,1,0,0,0,1288,0,0
323,2026-08-24T19:29:25.571Z,9796,19001344,26234880,189,28,128734,3,2,1,0,0,0,1292,0,0
324,2026-08-24T19:29:55.919Z,9826,24260608,26234880,189,28,129125,3,2,1,0,0,0,1296,0,0
325,2026-08-24T19:30:26.363Z,9857,25137152,26234880,189,28,129516,3,2,1,0,0,0,1300,0,0
326,2026-08-24T19:30:56.713Z,9887,26046464,26234880,195,30,129906,3,2,1,0,0,0,1304,0,0
327,2026-08-24T19:31:27.073Z,9918,26288128,26288128,201,32,130328,3,2,1,0,0,0,1308,0,0
328,2026-08-24T19:31:57.367Z,9948,25980928,26288128,186,27,130703,3,2,1,0,0,0,1312,0,0
329,2026-08-24T19:32:27.694Z,9978,26103808,26288128,195,30,131047,3,2,1,0,0,0,1316,0,0
330,2026-08-24T19:32:58.011Z,10009,26185728,26288128,189,28,131344,3,2,1,0,0,0,1320,0,0
331,2026-08-24T19:33:28.347Z,10039,26238976,26288128,192,29,131688,3,2,1,0,0,0,1324,0,0
332,2026-08-24T19:33:58.649Z,10069,26185728,26288128,189,28,132062,3,2,1,0,0,0,1328,0,0
333,2026-08-24T19:34:29.061Z,10100,19124224,26288128,189,28,132422,3,2,1,0,0,0,1332,0,0
334,2026-08-24T19:34:59.376Z,10130,25804800,26288128,189,28,132859,3,2,1,0,0,0,1336,0,0
335,2026-08-24T19:35:29.698Z,10160,26382336,26382336,204,33,133281,3,2,1,0,0,0,1340,0,0
336,2026-08-24T19:36:00.004Z,10191,25264128,26398720,189,28,133734,3,2,1,0,0,0,1344,0,0
337,2026-08-24T19:36:30.329Z,10221,25903104,26398720,189,28,134141,3,2,1,0,0,0,1348,0,0
338,2026-08-24T19:37:00.641Z,10251,25309184,26398720,192,29,134438,3,2,1,0,0,0,1352,0,0
339,2026-08-24T19:37:30.968Z,10281,25329664,26398720,189,28,134828,3,2,1,0,0,0,1356,0,0
340,2026-08-24T19:38:01.302Z,10312,26177536,26398720,192,29,135344,3,2,1,0,0,0,1360,0,0
341,2026-08-24T19:38:31.672Z,10342,25333760,26398720,189,28,135641,3,2,1,0,0,0,1364,0,0
342,2026-08-24T19:39:01.978Z,10372,25206784,26398720,189,28,136062,3,2,1,0,0,0,1368,0,0
343,2026-08-24T19:39:32.298Z,10403,25227264,26398720,192,29,136422,3,2,1,0,0,0,1372,0,0
344,2026-08-24T19:40:02.744Z,10433,25534464,26398720,204,33,136906,3,2,1,0,0,0,1376,0,0
345,2026-08-24T19:40:33.060Z,10464,25890816,26398720,189,28,137312,3,2,1,0,0,0,1380,0,0
346,2026-08-24T19:41:03.424Z,10494,19640320,26398720,192,29,137734,3,2,1,0,0,0,1384,0,0
347,2026-08-24T19:41:33.768Z,10524,25817088,26398720,195,30,138234,3,2,1,0,0,0,1388,0,0
348,2026-08-24T19:42:04.112Z,10555,25251840,26398720,189,28,138625,3,2,1,0,0,0,1392,0,0
349,2026-08-24T19:42:34.460Z,10585,19361792,26398720,195,30,138984,3,2,1,0,0,0,1396,0,0
350,2026-08-24T19:43:04.753Z,10615,25300992,26398720,189,28,139438,3,2,1,0,0,0,1400,0,0
351,2026-08-24T19:43:35.112Z,10646,26263552,26398720,192,29,139781,3,2,1,0,0,0,1404,0,0
352,2026-08-24T19:44:05.416Z,10676,25370624,26714112,192,29,140266,3,2,1,0,0,0,1408,0,0
353,2026-08-24T19:44:35.880Z,10706,25362432,26714112,195,30,140688,3,2,1,0,0,0,1412,0,0
354,2026-08-24T19:45:06.205Z,10737,25325568,26714112,195,30,140984,3,2,1,0,0,0,1416,0,0
355,2026-08-24T19:45:36.508Z,10767,25952256,26714112,189,28,141250,3,2,1,0,0,0,1420,0,0
356,2026-08-24T19:46:06.832Z,10797,26112000,26714112,192,29,141562,4,3,1,0,0,0,1424,0,0
357,2026-08-24T19:46:37.180Z,10828,26238976,26714112,195,30,141922,3,2,1,0,0,0,1428,0,0
358,2026-08-24T19:47:07.490Z,10858,26157056,26714112,189,28,142297,3,2,1,0,0,0,1432,0,0
359,2026-08-24T19:47:37.789Z,10888,26255360,26714112,192,29,142766,3,2,1,0,0,0,1436,0,0
360,2026-08-24T19:48:08.154Z,10919,19755008,26714112,186,27,143266,4,3,1,0,0,0,1440,0,0
361,2026-08-24T19:48:38.477Z,10949,19419136,26714112,198,31,143766,3,2,1,0,0,0,1444,0,0
362,2026-08-24T19:49:08.813Z,10979,25280512,26714112,195,30,144219,3,2,1,0,0,0,1448,0,0
363,2026-08-24T19:49:39.126Z,11010,24645632,26714112,189,28,144656,3,2,1,0,0,0,1452,0,0
364,2026-08-24T19:50:09.568Z,11040,25337856,26714112,192,29,145016,3,2,1,0,0,0,1456,0,0
365,2026-08-24T19:50:39.913Z,11070,25878528,26714112,189,28,145438,3,2,1,0,0,0,1460,0,0
366,2026-08-24T19:51:10.270Z,11101,26206208,26714112,189,28,145859,3,2,1,0,0,0,1464,0,0
367,2026-08-24T19:51:40.578Z,11131,25550848,26714112,201,32,146266,3,2,1,0,0,0,1468,0,0
368,2026-08-24T19:52:10.903Z,11161,25493504,26714112,204,33,146688,3,2,1,0,0,0,1472,0,0
369,2026-08-24T19:52:41.269Z,11192,25227264,26714112,189,28,147219,3,2,1,0,0,0,1476,0,0
370,2026-08-24T19:53:11.647Z,11222,26660864,26714112,192,29,147688,3,2,1,0,0,0,1480,0,0
371,2026-08-24T19:53:42.028Z,11253,26898432,26898432,192,29,148125,3,2,1,0,0,0,1484,0,0
372,2026-08-24T19:54:12.402Z,11283,25788416,26906624,192,29,148609,3,2,1,0,0,0,1488,0,0
373,2026-08-24T19:54:42.716Z,11313,26525696,26906624,198,31,148969,3,2,1,0,0,0,1492,0,0
374,2026-08-24T19:55:13.039Z,11344,19570688,26906624,189,28,149344,3,2,1,0,0,0,1496,0,0
375,2026-08-24T19:55:43.343Z,11374,26038272,26906624,195,30,149797,3,2,1,0,0,0,1500,0,0
376,2026-08-24T19:56:13.698Z,11404,19394560,26906624,195,30,150094,3,2,1,0,0,0,1504,0,0
377,2026-08-24T19:56:44.071Z,11435,25661440,26906624,189,28,150344,3,2,1,0,0,0,1508,0,0
378,2026-08-24T19:57:14.430Z,11465,24666112,26906624,195,30,150766,3,2,1,0,0,0,1512,0,0
379,2026-08-24T19:57:44.744Z,11495,26079232,26906624,198,31,151234,3,2,1,0,0,0,1516,0,0
380,2026-08-24T19:58:15.071Z,11526,26116096,26906624,189,28,151641,3,2,1,0,0,0,1520,0,0
381,2026-08-24T19:58:45.396Z,11556,26284032,26906624,189,28,152062,3,2,1,0,0,0,1524,0,0
382,2026-08-24T19:59:15.730Z,11586,26423296,26906624,192,29,152391,3,2,1,0,0,0,1528,0,0
383,2026-08-24T19:59:46.188Z,11617,26300416,26906624,189,28,152750,4,3,1,0,0,0,1532,0,0
384,2026-08-24T20:00:16.527Z,11647,26484736,26906624,198,31,153141,3,2,1,0,0,0,1536,0,0
385,2026-08-24T20:00:46.832Z,11677,26374144,26906624,189,28,153578,3,2,1,0,0,0,1540,0,0
386,2026-08-24T20:01:17.210Z,11708,26337280,26906624,189,28,154016,3,2,1,0,0,0,1544,0,0
387,2026-08-24T20:01:47.548Z,11738,25378816,26906624,192,29,154359,3,2,1,0,0,0,1548,0,0
388,2026-08-24T20:02:17.867Z,11768,19644416,26906624,189,28,154750,3,2,1,0,0,0,1552,0,0
389,2026-08-24T20:02:48.186Z,11799,25366528,26906624,189,28,155156,4,3,1,0,0,0,1556,0,0
390,2026-08-24T20:03:18.516Z,11829,19279872,26906624,192,29,155609,3,2,1,0,0,0,1560,0,0
391,2026-08-24T20:03:48.859Z,11859,25530368,26906624,201,32,156016,3,2,1,0,0,0,1564,0,0
392,2026-08-24T20:04:19.236Z,11890,25554944,26906624,189,28,156391,3,2,1,0,0,0,1568,0,0
393,2026-08-24T20:04:49.582Z,11920,25821184,26906624,195,30,156828,3,2,1,0,0,0,1572,0,0
394,2026-08-24T20:05:19.899Z,11950,25960448,26906624,195,30,157234,3,2,1,0,0,0,1576,0,0
395,2026-08-24T20:05:50.209Z,11981,26300416,26906624,189,28,157547,3,2,1,0,0,0,1580,0,0
396,2026-08-24T20:06:20.538Z,12011,26300416,26906624,189,28,158000,3,2,1,0,0,0,1584,0,0
397,2026-08-24T20:06:50.853Z,12041,26406912,26906624,192,29,158391,3,2,1,0,0,0,1588,0,0
398,2026-08-24T20:07:21.191Z,12072,26357760,26906624,192,29,158781,3,2,1,0,0,0,1592,0,0
399,2026-08-24T20:07:51.526Z,12102,26419200,26906624,195,30,159047,3,2,1,0,0,0,1596,0,0
400,2026-08-24T20:08:21.913Z,12132,26607616,26906624,204,33,159453,3,2,1,0,0,0,1600,0,0
401,2026-08-24T20:08:52.221Z,12163,25227264,26906624,189,28,159953,3,2,1,0,0,0,1604,0,0
402,2026-08-24T20:09:22.706Z,12193,25415680,26906624,195,30,160375,4,3,1,0,0,0,1608,0,0
403,2026-08-24T20:09:53.096Z,12224,25956352,26906624,189,28,160875,3,2,1,0,0,0,1612,0,0
404,2026-08-24T20:10:23.435Z,12254,25419776,26906624,195,30,161344,3,2,1,0,0,0,1616,0,0
405,2026-08-24T20:10:53.765Z,12284,26238976,26906624,195,30,161719,3,2,1,0,0,0,1620,0,0
406,2026-08-24T20:11:24.080Z,12315,26214400,26906624,195,30,162094,3,2,1,0,0,0,1624,0,0
407,2026-08-24T20:11:54.387Z,12345,26103808,26906624,189,28,162578,3,2,1,0,0,0,1628,0,0
408,2026-08-24T20:12:24.744Z,12375,25280512,26906624,189,28,162953,3,2,1,0,0,0,1632,0,0
409,2026-08-24T20:12:55.103Z,12406,25546752,26906624,201,32,163344,3,2,1,0,0,0,1636,0,0
410,2026-08-24T20:13:25.413Z,12436,25296896,26906624,192,29,163828,3,2,1,0,0,0,1640,0,0
411,2026-08-24T20:13:55.772Z,12466,25894912,26906624,189,28,164219,3,2,1,0,0,0,1644,0,0
412,2026-08-24T20:14:26.158Z,12497,25714688,26906624,210,35,164750,3,2,1,0,0,0,1648,0,0
413,2026-08-24T20:14:56.506Z,12527,26062848,26906624,192,29,165156,4,3,1,0,0,0,1652,0,0
414,2026-08-24T20:15:26.858Z,12557,26046464,26906624,189,28,165516,3,2,1,0,0,0,1656,0,0
415,2026-08-24T20:15:57.200Z,12588,26103808,26906624,189,28,165922,4,3,1,0,0,0,1660,0,0
416,2026-08-24T20:16:27.567Z,12618,26042368,26906624,189,28,166203,3,2,1,0,0,0,1664,0,0
417,2026-08-24T20:16:57.973Z,12648,20107264,26906624,195,30,166656,4,3,1,0,0,0,1668,0,0
418,2026-08-24T20:17:28.323Z,12679,19468288,26906624,192,29,167078,3,2,1,0,0,0,1672,0,0
419,2026-08-24T20:17:58.641Z,12709,25411584,26906624,192,29,167484,3,2,1,0,0,0,1676,0,0
420,2026-08-24T20:18:28.953Z,12739,25808896,26906624,192,29,167844,3,2,1,0,0,0,1680,0,0
421,2026-08-24T20:18:59.319Z,12770,25858048,26906624,192,29,168281,3,2,1,0,0,0,1684,0,0
422,2026-08-24T20:19:29.718Z,12800,25866240,26906624,189,28,168672,3,2,1,0,0,0,1688,0,0
423,2026-08-24T20:20:00.049Z,12831,25862144,26906624,189,28,169031,3,2,1,0,0,0,1692,0,0
424,2026-08-24T20:20:30.380Z,12861,26374144,26906624,192,29,169359,3,2,1,0,0,0,1696,0,0
425,2026-08-24T20:21:00.705Z,12891,26300416,26906624,189,28,169750,3,2,1,0,0,0,1700,0,0
426,2026-08-24T20:21:31.050Z,12922,26279936,26906624,189,28,170156,3,2,1,0,0,0,1704,0,0
427,2026-08-24T20:22:01.387Z,12952,26329088,26906624,192,29,170594,3,2,1,0,0,0,1708,0,0
428,2026-08-24T20:22:31.742Z,12982,25808896,26906624,195,30,171000,3,2,1,0,0,0,1712,0,0
429,2026-08-24T20:23:02.054Z,13013,26062848,26906624,189,28,171453,3,2,1,0,0,0,1716,0,0
430,2026-08-24T20:23:32.401Z,13043,26128384,26906624,189,28,171828,3,2,1,0,0,0,1720,0,0
431,2026-08-24T20:24:02.742Z,13073,26071040,26906624,192,29,172172,3,2,1,0,0,0,1724,0,0
432,2026-08-24T20:24:33.123Z,13104,19304448,26906624,189,28,172562,4,3,1,0,0,0,1728,0,0
433,2026-08-24T20:25:03.505Z,13134,25309184,26906624,192,29,172922,3,2,1,0,0,0,1732,0,0
434,2026-08-24T20:25:33.830Z,13164,25452544,26906624,195,30,173312,3,2,1,0,0,0,1736,0,0
435,2026-08-24T20:26:04.158Z,13195,25542656,26906624,189,28,173719,4,3,1,0,0,0,1740,0,0
436,2026-08-24T20:26:34.527Z,13225,25595904,26906624,195,30,174219,3,2,1,0,0,0,1744,0,0
437,2026-08-24T20:27:04.880Z,13255,25718784,26906624,201,32,174609,3,2,1,0,0,0,1748,0,0
438,2026-08-24T20:27:35.242Z,13286,25772032,26906624,189,28,174922,3,2,1,0,0,0,1752,0,0
439,2026-08-24T20:28:05.573Z,13316,25870336,26906624,192,29,175406,3,2,1,0,0,0,1756,0,0
440,2026-08-24T20:28:35.924Z,13346,26750976,26906624,195,30,175844,3,2,1,0,0,0,1760,0,0
441,2026-08-24T20:29:06.266Z,13377,25436160,27017216,195,30,176266,3,2,1,0,0,0,1764,0,0
442,2026-08-24T20:29:36.681Z,13407,25563136,27017216,189,28,176594,3,2,1,0,0,0,1768,0,0
443,2026-08-24T20:30:07.054Z,13438,25763840,27017216,213,36,177062,3,2,1,0,0,0,1772,0,0
444,2026-08-24T20:30:37.413Z,13468,25505792,27017216,201,32,177391,5,4,1,0,0,0,1776,0,0
445,2026-08-24T20:31:07.755Z,13498,25853952,27017216,189,28,177781,3,2,1,0,0,0,1780,0,0
446,2026-08-24T20:31:38.082Z,13529,19480576,27017216,189,28,178125,3,2,1,0,0,0,1784,0,0
447,2026-08-24T20:32:08.401Z,13559,25681920,27017216,198,31,178516,3,2,1,0,0,0,1788,0,0
448,2026-08-24T20:32:38.728Z,13589,25477120,27017216,189,28,178984,3,2,1,0,0,0,1792,0,0
449,2026-08-24T20:33:09.039Z,13620,25829376,27017216,189,28,179391,3,2,1,0,0,0,1796,0,0
450,2026-08-24T20:33:39.372Z,13650,26021888,27017216,192,29,179859,3,2,1,0,0,0,1800,0,0
451,2026-08-24T20:34:09.681Z,13680,26046464,27017216,189,28,180344,3,2,1,0,0,0,1804,0,0
452,2026-08-24T20:34:40.108Z,13711,26521600,27017216,192,29,180703,3,2,1,0,0,0,1808,0,0
453,2026-08-24T20:35:10.468Z,13741,25632768,27017216,189,28,181062,3,2,1,0,0,0,1812,0,0
454,2026-08-24T20:35:40.848Z,13771,26210304,27017216,195,30,181469,3,2,1,0,0,0,1816,0,0
455,2026-08-24T20:36:11.197Z,13802,26259456,27017216,189,28,181938,3,2,1,0,0,0,1820,0,0
456,2026-08-24T20:36:41.527Z,13832,26255360,27017216,189,28,182328,3,2,1,0,0,0,1824,0,0
457,2026-08-24T20:37:11.860Z,13862,26431488,27017216,195,30,182797,3,2,1,0,0,0,1828,0,0
458,2026-08-24T20:37:42.221Z,13893,25812992,27017216,189,28,183234,3,2,1,0,0,0,1832,0,0
459,2026-08-24T20:38:12.591Z,13923,25862144,27017216,189,28,183656,3,2,1,0,0,0,1836,0,0
460,2026-08-24T20:38:42.930Z,13953,19644416,27017216,189,28,184031,3,2,1,0,0,0,1840,0,0
461,2026-08-24T20:39:13.300Z,13984,25452544,27017216,192,29,184562,3,2,1,0,0,0,1844,0,0
462,2026-08-24T20:39:43.764Z,14014,25792512,27017216,192,29,184969,4,3,1,0,0,0,1848,0,0
463,2026-08-24T20:40:14.092Z,14045,25915392,27017216,192,29,185375,3,2,1,0,0,0,1852,0,0
464,2026-08-24T20:40:44.432Z,14075,26083328,27017216,189,28,185750,3,2,1,0,0,0,1856,0,0
465,2026-08-24T20:41:14.756Z,14105,26124288,27017216,189,28,186156,3,2,1,0,0,0,1860,0,0
466,2026-08-24T20:41:45.082Z,14136,26189824,27017216,192,29,186469,3,2,1,0,0,0,1864,0,0
467,2026-08-24T20:42:15.435Z,14166,26226688,27017216,192,29,186844,3,2,1,0,0,0,1868,0,0
468,2026-08-24T20:42:45.809Z,14196,26038272,27017216,189,28,187281,3,2,1,0,0,0,1872,0,0
469,2026-08-24T20:43:16.159Z,14227,26042368,27017216,192,29,187734,3,2,1,0,0,0,1876,0,0
470,2026-08-24T20:43:46.492Z,14257,26075136,27017216,189,28,188109,3,2,1,0,0,0,1880,0,0
471,2026-08-24T20:44:16.860Z,14287,26075136,27017216,189,28,188562,3,2,1,0,0,0,1884,0,0
472,2026-08-24T20:44:47.219Z,14318,25321472,27017216,189,28,189000,3,2,1,0,0,0,1888,0,0
473,2026-08-24T20:45:17.636Z,14348,25415680,27017216,192,29,189406,3,2,1,0,0,0,1892,0,0
474,2026-08-24T20:45:47.993Z,14378,25255936,27017216,189,28,189844,4,3,1,0,0,0,1896,0,0
475,2026-08-24T20:46:18.358Z,14409,19468288,27017216,192,29,190297,3,2,1,0,0,0,1900,0,0
476,2026-08-24T20:46:48.728Z,14439,25141248,27017216,189,28,190656,3,2,1,0,0,0,1904,0,0
477,2026-08-24T20:47:19.053Z,14470,25276416,27017216,189,28,191000,3,2,1,0,0,0,1908,0,0
478,2026-08-24T20:47:49.392Z,14500,25501696,27017216,198,31,191391,4,3,1,0,0,0,1912,0,0
479,2026-08-24T20:48:19.782Z,14530,26054656,27017216,189,28,191641,3,2,1,0,0,0,1916,0,0
480,2026-08-24T20:48:50.100Z,14561,25317376,27017216,189,28,192016,3,2,1,0,0,0,1920,0,0
481,2026-08-24T20:49:20.459Z,14591,26185728,27017216,192,29,192422,3,2,1,0,0,0,1924,0,0
482,2026-08-24T20:49:50.851Z,14621,26312704,27017216,189,28,192844,5,4,1,0,0,0,1928,0,0
483,2026-08-24T20:50:21.201Z,14652,26624000,27017216,189,28,193281,3,2,1,0,0,0,1932,0,0
484,2026-08-24T20:50:51.536Z,14682,27078656,27078656,201,32,193594,3,2,1,0,0,0,1936,0,0
485,2026-08-24T20:51:21.893Z,14712,26968064,27090944,192,29,194062,3,2,1,0,0,0,1940,0,0
486,2026-08-24T20:51:52.242Z,14743,26906624,27090944,189,28,194500,3,2,1,0,0,0,1944,0,0
487,2026-08-24T20:52:22.581Z,14773,26894336,27090944,189,28,194938,3,2,1,0,0,0,1948,0,0
488,2026-08-24T20:52:52.896Z,14803,26853376,27090944,189,28,195328,3,2,1,0,0,0,1952,0,0
489,2026-08-24T20:53:23.331Z,14834,26910720,27090944,189,28,195703,3,2,1,0,0,0,1956,0,0
490,2026-08-24T20:53:53.658Z,14864,26988544,27090944,195,30,196062,4,3,1,0,0,0,1960,0,0
491,2026-08-24T20:54:23.971Z,14894,26927104,27090944,189,28,196484,3,2,1,0,0,0,1964,0,0
492,2026-08-24T20:54:54.297Z,14925,26947584,27090944,195,30,196906,3,2,1,0,0,0,1968,0,0
493,2026-08-24T20:55:24.731Z,14955,26902528,27090944,189,28,197344,3,2,1,0,0,0,1972,0,0
494,2026-08-24T20:55:55.115Z,14986,26034176,27090944,198,31,197797,3,2,1,0,0,0,1976,0,0
495,2026-08-24T20:56:25.440Z,15016,26173440,27090944,189,28,198203,3,2,1,0,0,0,1980,0,0
496,2026-08-24T20:56:55.773Z,15046,26447872,27090944,195,30,198672,3,2,1,0,0,0,1984,0,0
497,2026-08-24T20:57:26.105Z,15077,26386432,27090944,189,28,199109,3,2,1,0,0,0,1988,0,0
498,2026-08-24T20:57:56.468Z,15107,26599424,27090944,201,32,199500,3,2,1,0,0,0,1992,0,0
499,2026-08-24T20:58:26.795Z,15137,26525696,27090944,198,31,199906,3,2,1,0,0,0,1996,0,0
500,2026-08-24T20:58:57.130Z,15168,26484736,27090944,195,30,200375,3,2,1,0,0,0,2000,0,0
501,2026-08-24T20:59:27.447Z,15198,26910720,27090944,201,32,200734,3,2,1,0,0,0,2004,0,0
502,2026-08-24T20:59:57.774Z,15228,27004928,27090944,195,30,201172,3,2,1,0,0,0,2008,0,0
503,2026-08-24T21:00:28.110Z,15259,27025408,27090944,192,29,201594,3,2,1,0,0,0,2012,0,0
504,2026-08-24T21:00:58.497Z,15289,27041792,27090944,192,29,202000,3,2,1,0,0,0,2016,0,0
505,2026-08-24T21:01:28.918Z,15319,27254784,27254784,204,33,202516,4,3,1,0,0,0,2020,0,0
506,2026-08-24T21:01:59.386Z,15350,20226048,27254784,207,34,203031,4,3,1,0,0,0,2024,0,0
507,2026-08-24T21:02:29.926Z,15380,19861504,27254784,194,29,203531,4,3,1,0,0,0,2028,0,0
508,2026-08-24T21:03:00.415Z,15411,25939968,27254784,197,30,203984,4,3,1,0,0,0,2032,0,0
509,2026-08-24T21:03:32.278Z,15443,26247168,27254784,203,32,204469,4,3,1,0,0,0,2036,0,0
510,2026-08-24T21:04:04.309Z,15475,26525696,27254784,215,36,204984,4,3,1,0,0,0,2040,0,0
511,2026-08-24T21:04:43.762Z,15514,25772032,27254784,203,32,205516,4,3,1,0,0,0,2044,0,0
512,2026-08-24T21:05:23.391Z,15554,26308608,27254784,200,31,205984,4,3,1,0,0,0,2048,0,0
513,2026-08-24T21:06:01.632Z,15592,26849280,27254784,227,40,206531,4,3,1,0,0,0,2052,0,0
514,2026-08-24T21:06:32.190Z,15623,26329088,27254784,197,30,207062,4,3,1,0,0,0,2056,0,0
515,2026-08-24T21:07:02.725Z,15653,26333184,27254784,194,29,207516,4,3,1,0,0,0,2060,0,0
516,2026-08-24T21:07:33.230Z,15684,26484736,27254784,203,32,208000,4,3,1,0,0,0,2064,0,0
517,2026-08-24T21:08:03.752Z,15714,26505216,27254784,209,34,208484,4,3,1,0,0,0,2068,0,0
518,2026-08-24T21:08:34.240Z,15745,26329088,27254784,197,30,209031,4,3,1,0,0,0,2072,0,0
519,2026-08-24T21:09:04.740Z,15775,26451968,27254784,203,32,209547,4,3,1,0,0,0,2076,0,0
520,2026-08-24T21:09:35.240Z,15806,26472448,27254784,200,31,209938,4,3,1,0,0,0,2080,0,0
521,2026-08-24T21:10:05.726Z,15836,20242432,27254784,203,32,210375,4,3,1,0,0,0,2084,0,0
522,2026-08-24T21:10:36.373Z,15867,27078656,27254784,251,48,210844,4,3,1,0,0,0,2088,0,0
523,2026-08-24T21:11:06.906Z,15897,29339648,29339648,353,82,211359,4,3,1,0,0,0,2092,0,0
524,2026-08-24T21:11:37.365Z,15928,26578944,29601792,194,29,211891,4,3,1,0,0,0,2096,0,0
525,2026-08-24T21:12:07.854Z,15958,26824704,29601792,206,33,212391,4,3,1,0,0,0,2100,0,0
526,2026-08-24T21:12:38.370Z,15989,19845120,29601792,194,29,212844,4,3,1,0,0,0,2104,0,0
527,2026-08-24T21:13:08.878Z,16019,26263552,29601792,194,29,213312,4,3,1,0,0,0,2108,0,0
528,2026-08-24T21:13:39.338Z,16050,26251264,29601792,206,33,213781,4,3,1,0,0,0,2112,0,0
529,2026-08-24T21:14:09.827Z,16080,26378240,29601792,200,31,214219,4,3,1,0,0,0,2116,0,0
530,2026-08-24T21:14:40.309Z,16111,27058176,29601792,212,35,214672,4,3,1,0,0,0,2120,0,0
531,2026-08-24T21:15:10.825Z,16141,26886144,29601792,203,32,215109,4,3,1,0,0,0,2124,0,0
532,2026-08-24T21:15:41.327Z,16172,26968064,29601792,206,33,215688,4,3,1,0,0,0,2128,0,0
533,2026-08-24T21:16:11.836Z,16202,26779648,29601792,197,30,216172,4,3,1,0,0,0,2132,0,0
534,2026-08-24T21:16:42.361Z,16233,27103232,29601792,212,35,216547,4,3,1,0,0,0,2136,0,0
535,2026-08-24T21:17:12.880Z,16263,26861568,29601792,203,32,217016,4,3,1,0,0,0,2140,0,0
536,2026-08-24T21:17:43.416Z,16294,19656704,29601792,197,30,217500,4,3,1,0,0,0,2144,0,0
537,2026-08-24T21:18:13.905Z,16324,26202112,29601792,200,31,218016,4,3,1,0,0,0,2148,0,0
538,2026-08-24T21:18:44.435Z,16355,26865664,29601792,206,33,218500,4,3,1,0,0,0,2152,0,0
539,2026-08-24T21:19:14.953Z,16385,26796032,29601792,200,31,218953,4,3,1,0,0,0,2156,0,0
540,2026-08-24T21:19:45.470Z,16416,27037696,29601792,212,35,219453,4,3,1,0,0,0,2160,0,0
541,2026-08-24T21:20:15.952Z,16446,26943488,29601792,206,33,219938,4,3,1,0,0,0,2164,0,0
542,2026-08-24T21:20:46.460Z,16477,26284032,29601792,197,30,220406,4,3,1,0,0,0,2168,0,0
543,2026-08-24T21:21:16.932Z,16507,26664960,29601792,215,36,220922,4,3,1,0,0,0,2172,0,0
544,2026-08-24T21:21:47.472Z,16538,26370048,29601792,197,30,221438,4,3,1,0,0,0,2176,0,0
545,2026-08-24T21:22:17.957Z,16568,19755008,29601792,218,37,221938,4,3,1,0,0,0,2180,0,0
546,2026-08-24T21:22:48.436Z,16599,25788416,29601792,197,30,222469,4,3,1,0,0,0,2184,0,0
547,2026-08-24T21:23:18.963Z,16629,26443776,29601792,200,31,222906,4,3,1,0,0,0,2188,0,0
548,2026-08-24T21:23:49.415Z,16660,26173440,29601792,194,29,223500,4,3,1,0,0,0,2192,0,0
549,2026-08-24T21:24:19.900Z,16690,26501120,29601792,194,29,223938,4,3,1,0,0,0,2196,0,0
550,2026-08-24T21:24:50.401Z,16721,26869760,29601792,203,32,224438,4,3,1,0,0,0,2200,0,0
551,2026-08-24T21:25:20.821Z,16751,19390464,29601792,197,30,224953,4,3,1,0,0,0,2204,0,0
552,2026-08-24T21:25:51.286Z,16782,25911296,29601792,209,34,225422,4,3,1,0,0,0,2208,0,0
553,2026-08-24T21:26:21.767Z,16812,26394624,29601792,203,32,225969,4,3,1,0,0,0,2212,0,0
554,2026-08-24T21:26:52.330Z,16843,26693632,29601792,194,29,226531,4,3,1,0,0,0,2216,0,0
555,2026-08-24T21:27:22.791Z,16873,26746880,29601792,197,30,226984,4,3,1,0,0,0,2220,0,0
556,2026-08-24T21:27:53.270Z,16904,26746880,29601792,197,30,227422,4,3,1,0,0,0,2224,0,0
557,2026-08-24T21:28:23.771Z,16934,26759168,29601792,197,30,228000,4,3,1,0,0,0,2228,0,0
558,2026-08-24T21:28:54.237Z,16965,26755072,29601792,197,30,228469,4,3,1,0,0,0,2232,0,0
559,2026-08-24T21:29:24.741Z,16995,27680768,29601792,227,40,228969,4,3,1,0,0,0,2236,0,0
560,2026-08-24T21:29:55.250Z,17026,27160576,29601792,194,29,229438,4,3,1,0,0,0,2240,0,0
561,2026-08-24T21:30:25.725Z,17056,27779072,29601792,221,38,229953,4,3,1,0,0,0,2244,0,0
562,2026-08-24T21:30:56.195Z,17087,27537408,29601792,209,34,230547,4,3,1,0,0,0,2248,0,0
563,2026-08-24T21:31:26.721Z,17117,27209728,29601792,194,29,230984,4,3,1,0,0,0,2252,0,0
564,2026-08-24T21:31:57.281Z,17148,27754496,29601792,221,38,231516,4,3,1,0,0,0,2256,0,0
565,2026-08-24T21:32:27.749Z,17178,27361280,29601792,201,31,232016,4,3,1,0,0,0,2260,0,0
566,2026-08-24T21:32:58.239Z,17209,20107264,29601792,203,32,232469,4,3,1,0,0,0,2264,0,0
567,2026-08-24T21:33:28.735Z,17239,25567232,29601792,194,29,232953,4,3,1,0,0,0,2268,0,0
568,2026-08-24T21:33:59.240Z,17270,25849856,29601792,197,30,233453,4,3,1,0,0,0,2272,0,0
569,2026-08-24T21:34:29.704Z,17300,25841664,29601792,197,30,233828,4,3,1,0,0,0,2276,0,0
570,2026-08-24T21:35:00.224Z,17331,26193920,29601792,197,30,234375,4,3,1,0,0,0,2280,0,0
571,2026-08-24T21:35:30.775Z,17361,26021888,29601792,194,29,234891,4,3,1,0,0,0,2284,0,0
572,2026-08-24T21:36:01.254Z,17392,26431488,29601792,197,30,235344,4,3,1,0,0,0,2288,0,0
573,2026-08-24T21:36:31.758Z,17422,27267072,29601792,239,44,235828,4,3,1,0,0,0,2292,0,0
574,2026-08-24T21:37:02.282Z,17453,26345472,29601792,191,28,236391,4,3,1,0,0,0,2296,0,0
575,2026-08-24T21:37:32.782Z,17483,26574848,29601792,197,30,237000,4,3,1,0,0,0,2300,0,0
576,2026-08-24T21:38:03.264Z,17514,26632192,29601792,197,30,237438,4,3,1,0,0,0,2304,0,0
577,2026-08-24T21:38:33.768Z,17544,26636288,29601792,197,30,237922,4,3,1,0,0,0,2308,0,0
578,2026-08-24T21:39:04.237Z,17575,26619904,29601792,194,29,238484,4,3,1,0,0,0,2312,0,0
579,2026-08-24T21:39:34.702Z,17605,26697728,29601792,200,31,239016,4,3,1,0,0,0,2316,0,0
580,2026-08-24T21:40:05.237Z,17636,26628096,29601792,194,29,239516,4,3,1,0,0,0,2320,0,0
581,2026-08-24T21:40:35.730Z,17666,27168768,29601792,227,40,239969,4,3,1,0,0,0,2324,0,0
582,2026-08-24T21:41:06.259Z,17697,20910080,29601792,248,47,240438,4,3,1,0,0,0,2328,0,0
583,2026-08-24T21:41:36.874Z,17727,29106176,29601792,386,93,241031,1,0,1,0,0,0,2332,0,0
584,2026-08-24T21:42:07.415Z,17758,25825280,29601792,197,30,241453,4,3,1,0,0,0,2336,0,0
585,2026-08-24T21:42:37.927Z,17788,26603520,29601792,200,31,241891,4,3,1,0,0,0,2340,0,0
586,2026-08-24T21:43:08.417Z,17819,26525696,29601792,194,29,242391,4,3,1,0,0,0,2344,0,0
587,2026-08-24T21:43:38.919Z,17849,26566656,29601792,191,28,242891,4,3,1,0,0,0,2348,0,0
588,2026-08-24T21:44:09.397Z,17880,26742784,29601792,203,32,243375,4,3,1,0,0,0,2352,0,0
589,2026-08-24T21:44:39.888Z,17910,26902528,29601792,197,30,243969,4,3,1,0,0,0,2356,0,0
590,2026-08-24T21:45:10.412Z,17941,26865664,29601792,197,30,244406,4,3,1,0,0,0,2360,0,0
591,2026-08-24T21:45:40.978Z,17971,26988544,29601792,203,32,244891,4,3,1,0,0,0,2364,0,0
592,2026-08-24T21:46:11.558Z,18002,27099136,29601792,206,33,245406,4,3,1,0,0,0,2368,0,0
593,2026-08-24T21:46:42.049Z,18032,26808320,29601792,194,29,245875,4,3,1,0,0,0,2372,0,0
594,2026-08-24T21:47:12.559Z,18063,26742784,29601792,191,28,246453,4,3,1,0,0,0,2376,0,0
595,2026-08-24T21:47:43.075Z,18093,26783744,29601792,191,28,246938,4,3,1,0,0,0,2380,0,0
596,2026-08-24T21:48:13.595Z,18124,19660800,29601792,197,30,247469,4,3,1,0,0,0,2384,0,0
597,2026-08-24T21:48:44.102Z,18155,26431488,29601792,212,35,247922,4,3,1,0,0,0,2388,0,0
598,2026-08-24T21:49:14.638Z,18185,26193920,29601792,191,28,248406,4,3,1,0,0,0,2392,0,0
599,2026-08-24T21:49:45.534Z,18216,32497664,32497664,532,143,248938,4,3,1,0,0,0,2396,0,0
600,2026-08-24T21:50:17.041Z,18247,26464256,32497664,197,30,249531,4,3,1,0,0,0,2400,0,0
601,2026-08-24T21:50:49.109Z,18280,26882048,32497664,206,33,250156,4,3,1,0,0,0,2404,0,0
602,2026-08-24T21:51:22.262Z,18313,26951680,32497664,212,35,250688,4,3,1,0,0,0,2408,0,0
603,2026-08-24T21:52:02.613Z,18353,26521600,32497664,194,29,251250,4,3,1,0,0,0,2412,0,0
604,2026-08-24T21:52:40.885Z,18391,26714112,32497664,200,31,251641,4,3,1,0,0,0,2416,0,0
605,2026-08-24T21:53:19.448Z,18430,26562560,32497664,191,28,252219,4,3,1,0,0,0,2420,0,0
606,2026-08-24T21:53:50.012Z,18460,26783744,32497664,206,33,252656,4,3,1,0,0,0,2424,0,0
607,2026-08-24T21:54:20.493Z,18491,26714112,32497664,206,33,253156,4,3,1,0,0,0,2428,0,0
608,2026-08-24T21:54:50.999Z,18521,26886144,32497664,209,34,253703,4,3,1,0,0,0,2432,0,0
609,2026-08-24T21:55:21.518Z,18552,19517440,32497664,197,30,254203,4,3,1,0,0,0,2436,0,0
610,2026-08-24T21:55:52.053Z,18582,26439680,32497664,218,37,254688,4,3,1,0,0,0,2440,0,0
611,2026-08-24T21:56:24.102Z,18614,26411008,32497664,206,33,255266,4,3,1,0,0,0,2444,0,0
612,2026-08-24T21:56:56.039Z,18646,26447872,32497664,194,29,255781,4,3,1,0,0,0,2448,0,0
613,2026-08-24T21:57:35.621Z,18686,27041792,32497664,218,37,256344,4,3,1,0,0,0,2452,0,0
614,2026-08-24T21:58:14.920Z,18725,26857472,32497664,203,32,256828,4,3,1,0,0,0,2456,0,0
615,2026-08-24T21:58:53.304Z,18764,26865664,32497664,206,33,257312,4,3,1,0,0,0,2460,0,0
616,2026-08-24T21:59:23.920Z,18794,26935296,32497664,209,34,257781,4,3,1,0,0,0,2464,0,0
617,2026-08-24T21:59:54.419Z,18825,26701824,32497664,194,29,258281,4,3,1,0,0,0,2468,0,0
618,2026-08-24T22:00:24.893Z,18855,26886144,32497664,203,32,258719,4,3,1,0,0,0,2472,0,0
619,2026-08-24T22:00:55.772Z,18886,26730496,32497664,194,29,259250,4,3,1,0,0,0,2476,0,0
620,2026-08-24T22:01:27.668Z,18918,26910720,32497664,206,33,259703,4,3,1,0,0,0,2480,0,0
621,2026-08-24T22:02:08.281Z,18959,26550272,32497664,188,27,260188,4,3,1,0,0,0,2484,0,0
622,2026-08-24T22:02:48.653Z,18999,25812992,32497664,176,23,260828,4,3,1,0,0,0,2488,0,0
623,2026-08-24T22:03:27.370Z,19038,26624000,32497664,206,33,261438,4,3,1,0,0,0,2492,0,0
624,2026-08-24T22:03:57.799Z,19068,26673152,32497664,207,34,261906,4,3,1,0,0,0,2496,0,0
625,2026-08-24T22:04:28.280Z,19099,19828736,32497664,203,32,262438,4,3,1,0,0,0,2500,0,0
626,2026-08-24T22:04:58.846Z,19129,26529792,32497664,209,34,262875,4,3,1,0,0,0,2504,0,0
627,2026-08-24T22:05:29.360Z,19160,26800128,32497664,209,34,263375,4,3,1,0,0,0,2508,0,0
628,2026-08-24T22:05:59.832Z,19190,26550272,32497664,191,28,263906,4,3,1,0,0,0,2512,0,0
629,2026-08-24T22:06:30.337Z,19221,26562560,32497664,194,29,264438,4,3,1,0,0,0,2516,0,0
630,2026-08-24T22:07:00.862Z,19251,26705920,32497664,197,30,264969,4,3,1,0,0,0,2520,0,0
631,2026-08-24T22:07:31.399Z,19282,27623424,32497664,251,48,265531,4,3,1,0,0,0,2524,0,0
632,2026-08-24T22:08:01.926Z,19312,26820608,32497664,203,32,265953,4,3,1,0,0,0,2528,0,0
633,2026-08-24T22:08:32.433Z,19343,26607616,32497664,194,29,266359,4,3,1,0,0,0,2532,0,0
634,2026-08-24T22:09:02.943Z,19373,26697728,32497664,200,31,266953,4,3,1,0,0,0,2536,0,0
635,2026-08-24T22:09:33.531Z,19404,20008960,32497664,203,32,267484,4,3,1,0,0,0,2540,0,0
636,2026-08-24T22:10:04.062Z,19434,26382336,32497664,197,30,267984,4,3,1,0,0,0,2544,0,0
637,2026-08-24T22:10:34.586Z,19465,26583040,32497664,197,30,268438,4,3,1,0,0,0,2548,0,0
638,2026-08-24T22:11:05.084Z,19495,27336704,32497664,215,36,268984,4,3,1,0,0,0,2552,0,0
639,2026-08-24T22:11:35.610Z,19526,26816512,32497664,192,28,269531,4,3,1,0,0,0,2556,0,0
640,2026-08-24T22:12:06.134Z,19557,26861568,32497664,191,28,269984,4,3,1,0,0,0,2560,0,0
641,2026-08-24T22:12:36.703Z,19587,27770880,32497664,242,45,270469,4,3,1,0,0,0,2564,0,0
642,2026-08-24T22:13:07.264Z,19618,26943488,32497664,200,31,270938,4,3,1,0,0,0,2568,0,0
643,2026-08-24T22:13:37.774Z,19648,26906624,32497664,191,28,271500,4,3,1,0,0,0,2572,0,0
644,2026-08-24T22:14:08.327Z,19679,27009024,32497664,200,31,272094,4,3,1,0,0,0,2576,0,0
645,2026-08-24T22:14:40.290Z,19711,27176960,32497664,206,33,272562,4,3,1,0,0,0,2580,0,0
646,2026-08-24T22:15:12.177Z,19743,27447296,32497664,218,37,273125,4,3,1,0,0,0,2584,0,0
647,2026-08-24T22:15:52.065Z,19782,27103232,32497664,200,31,273625,4,3,1,0,0,0,2588,0,0
648,2026-08-24T22:16:31.395Z,19822,27025408,32497664,200,31,274156,4,3,1,0,0,0,2592,0,0
649,2026-08-24T22:17:11.761Z,19862,27021312,32497664,194,29,274641,4,3,1,0,0,0,2596,0,0
650,2026-08-24T22:17:52.141Z,19903,26341376,32497664,173,22,275141,4,3,1,0,0,0,2600,0,0
651,2026-08-24T22:18:32.178Z,19943,26959872,32497664,197,30,275656,4,3,1,0,0,0,2604,0,0
652,2026-08-24T22:19:10.821Z,19981,27004928,32497664,200,31,276141,4,3,1,0,0,0,2608,0,0
653,2026-08-24T22:19:41.349Z,20012,26955776,32497664,197,30,276641,4,3,1,0,0,0,2612,0,0
654,2026-08-24T22:20:11.828Z,20042,26996736,32497664,197,30,277109,4,3,1,0,0,0,2616,0,0
655,2026-08-24T22:20:42.339Z,20073,26931200,32497664,194,29,277594,4,3,1,0,0,0,2620,0,0
656,2026-08-24T22:21:12.844Z,20103,27062272,32497664,200,31,278156,4,3,1,0,0,0,2624,0,0
657,2026-08-24T22:21:43.326Z,20134,26968064,32497664,200,31,278656,4,3,1,0,0,0,2628,0,0
658,2026-08-24T22:22:13.849Z,20164,27029504,32497664,206,33,279156,4,3,1,0,0,0,2632,0,0
659,2026-08-24T22:22:44.381Z,20195,27181056,32497664,209,34,279641,3,2,1,0,0,0,2636,0,0
660,2026-08-24T22:23:14.936Z,20225,27426816,32497664,203,32,280094,4,3,1,0,0,0,2640,0,0
661,2026-08-24T22:23:45.575Z,20256,20152320,32497664,200,31,280578,4,3,1,0,0,0,2644,0,0
662,2026-08-24T22:24:16.176Z,20287,25563136,32497664,200,31,281016,4,3,1,0,0,0,2648,0,0
663,2026-08-24T22:24:46.814Z,20317,27312128,32497664,212,35,281453,4,3,1,0,0,0,2652,0,0
664,2026-08-24T22:25:17.446Z,20348,19832832,32497664,197,30,281891,4,3,1,0,0,0,2656,0,0
665,2026-08-24T22:25:47.973Z,20378,26394624,32497664,197,30,282453,4,3,1,0,0,0,2660,0,0
666,2026-08-24T22:26:18.505Z,20409,26988544,32497664,200,31,282875,4,3,1,0,0,0,2664,0,0
667,2026-08-24T22:26:49.060Z,20439,27267072,32497664,197,30,283359,4,3,1,0,0,0,2668,0,0
668,2026-08-24T22:27:19.517Z,20470,27394048,32497664,203,32,283875,4,3,1,0,0,0,2672,0,0
669,2026-08-24T22:27:50.005Z,20500,27320320,32497664,200,31,284375,4,3,1,0,0,0,2676,0,0
670,2026-08-24T22:28:20.513Z,20531,27828224,32497664,227,40,284953,4,3,1,0,0,0,2680,0,0
671,2026-08-24T22:28:51.082Z,20561,27279360,32497664,203,32,285516,4,3,1,0,0,0,2684,0,0
672,2026-08-24T22:29:21.605Z,20592,27361280,32497664,206,33,286078,4,3,1,0,0,0,2688,0,0
673,2026-08-24T22:29:52.085Z,20622,27238400,32497664,197,30,286578,4,3,1,0,0,0,2692,0,0
674,2026-08-24T22:30:22.585Z,20653,27312128,32497664,203,32,287141,4,3,1,0,0,0,2696,0,0
675,2026-08-24T22:30:53.125Z,20683,27148288,32497664,191,28,287688,4,3,1,0,0,0,2700,0,0
676,2026-08-24T22:31:23.677Z,20714,27312128,32497664,203,32,288141,4,3,1,0,0,0,2704,0,0
677,2026-08-24T22:31:54.159Z,20745,27279360,32497664,197,30,288562,4,3,1,0,0,0,2708,0,0
678,2026-08-24T22:32:24.677Z,20775,27316224,32497664,197,30,289000,4,3,1,0,0,0,2712,0,0
679,2026-08-24T22:32:55.231Z,20806,26554368,32497664,203,32,289484,4,3,1,0,0,0,2716,0,0
680,2026-08-24T22:33:25.720Z,20836,26591232,32497664,209,34,290062,4,3,1,0,0,0,2720,0,0
681,2026-08-24T22:33:56.247Z,20867,26976256,32497664,209,34,290562,4,3,1,0,0,0,2724,0,0
682,2026-08-24T22:34:26.745Z,20897,26923008,32497664,194,29,291062,4,3,1,0,0,0,2728,0,0
683,2026-08-24T22:34:57.262Z,20928,27353088,32497664,206,33,291578,4,3,1,0,0,0,2732,0,0
684,2026-08-24T22:35:27.753Z,20958,27271168,32497664,203,32,292016,4,3,1,0,0,0,2736,0,0
685,2026-08-24T22:35:58.289Z,20989,27279360,32497664,200,31,292531,4,3,1,0,0,0,2740,0,0
686,2026-08-24T22:36:28.815Z,21019,27701248,32497664,197,30,293047,4,3,1,0,0,0,2744,0,0
687,2026-08-24T22:36:59.333Z,21050,26480640,32497664,197,30,293531,4,3,1,0,0,0,2748,0,0
688,2026-08-24T22:37:31.361Z,21082,27095040,32497664,197,30,294094,4,3,1,0,0,0,2752,0,0
689,2026-08-24T22:38:03.543Z,21114,27484160,32497664,206,33,294562,4,3,1,0,0,0,2756,0,0
690,2026-08-24T22:38:43.520Z,21154,20283392,32497664,203,32,295000,4,3,1,0,0,0,2760,0,0
691,2026-08-24T22:39:23.506Z,21194,26587136,32497664,194,29,295594,4,3,1,0,0,0,2764,0,0
692,2026-08-24T22:40:01.685Z,21232,27172864,32497664,209,34,296062,4,3,1,0,0,0,2768,0,0
693,2026-08-24T22:40:32.260Z,21263,26779648,32497664,194,29,296562,4,3,1,0,0,0,2772,0,0
694,2026-08-24T22:41:02.834Z,21293,26890240,32497664,197,30,297062,4,3,1,0,0,0,2776,0,0
695,2026-08-24T22:41:33.425Z,21324,27414528,32497664,203,32,297500,4,3,1,0,0,0,2780,0,0
696,2026-08-24T22:42:04.055Z,21354,27406336,32497664,203,32,297969,4,3,1,0,0,0,2784,0,0
697,2026-08-24T22:42:35.858Z,21386,27467776,32497664,209,34,298469,4,3,1,0,0,0,2788,0,0
698,2026-08-24T22:43:08.050Z,21418,27410432,32497664,194,29,298938,4,3,1,0,0,0,2792,0,0
699,2026-08-24T22:43:40.424Z,21451,28647424,32497664,245,46,299469,4,3,1,0,0,0,2796,0,0
700,2026-08-24T22:44:12.846Z,21483,27672576,32497664,191,28,299891,4,3,1,0,0,0,2800,0,0
701,2026-08-24T22:44:43.390Z,21514,27889664,32497664,200,31,300406,4,3,1,0,0,0,2804,0,0
702,2026-08-24T22:45:13.850Z,21544,27975680,32497664,203,32,300906,4,3,1,0,0,0,2808,0,0
703,2026-08-24T22:45:44.390Z,21575,27807744,32497664,197,30,301375,4,3,1,0,0,0,2812,0,0
